code,system
B10y.00,readv2
B115.00,readv2
B11y.00,readv2
B116.00,readv2
B11yz00,readv2
B106.00,readv2
B117.00,readv2
B101.00,readv2
B10..00,readv2
B102.00,readv2
B10z.00,readv2
B100.00,readv2
B11..00,readv2
B11z.00,readv2
B114.00,readv2
B11y100,readv2
B11y000,readv2
B113.00,readv2
B107.00,readv2
B118.00,readv2
B119.00,readv2
BB5Cz00,readv2
BB5C.00,readv2
BB55.00,readv2
B111000,readv2
B111z00,readv2
B111.00,readv2
B110100,readv2
B110111,readv2
B112.00,readv2
B111100,readv2
B110z00,readv2
B110.00,readv2
B103.00,readv2
B105.00,readv2
B104.00,readv2
BB5C011,readv2
BB5C100,readv2
BB5C000,readv2
B11..11,readv2
B10z.11,readv2